path,score
C:\Users\miker\wake_word_project\data\positive_new_friends\heymagis_cristina_20260129043143\cristina_phone_mic_quiet_20260129043143_000001.wav,0.999995
C:\Users\miker\wake_word_project\data\positive_new_friends\heymagis_cristina_20260129043143\cristina_phone_mic_quiet_20260129043143_000002.wav,0.999979
C:\Users\miker\wake_word_project\data\positive_new_friends\heymagis_cristina_20260129043143\cristina_phone_mic_quiet_20260129043143_000003.wav,0.999996
C:\Users\miker\wake_word_project\data\positive_new_friends\heymagis_cristina_20260129043143\cristina_phone_mic_quiet_20260129043143_000004.wav,0.999950
C:\Users\miker\wake_word_project\data\positive_new_friends\heymagis_cristina_20260129043143\cristina_phone_mic_quiet_20260129043143_000005.wav,0.999951
C:\Users\miker\wake_word_project\data\positive_new_friends\heymagis_cristina_20260129043143\cristina_phone_mic_quiet_20260129043143_000006.wav,0.999988
C:\Users\miker\wake_word_project\data\positive_new_friends\heymagis_cristina_20260129043143\cristina_phone_mic_quiet_20260129043143_000007.wav,0.999977
C:\Users\miker\wake_word_project\data\positive_new_friends\heymagis_cristina_20260129043143\cristina_phone_mic_quiet_20260129043143_000008.wav,0.999990
C:\Users\miker\wake_word_project\data\positive_new_friends\heymagis_cristina_20260129043143\cristina_phone_mic_quiet_20260129043143_000009.wav,0.999993
C:\Users\miker\wake_word_project\data\positive_new_friends\heymagis_cristina_20260129043143\cristina_phone_mic_quiet_20260129043143_000010.wav,0.999993
C:\Users\miker\wake_word_project\data\positive_new_friends\heymagis_cristina_20260129043143\cristina_phone_mic_quiet_20260129043143_000011.wav,0.999959
C:\Users\miker\wake_word_project\data\positive_new_friends\heymagis_cristina_20260129043143\cristina_phone_mic_quiet_20260129043143_000012.wav,0.999996
C:\Users\miker\wake_word_project\data\positive_new_friends\heymagis_cristina_20260129043143\cristina_phone_mic_quiet_20260129043143_000013.wav,0.999983
C:\Users\miker\wake_word_project\data\positive_new_friends\heymagis_cristina_20260129043143\cristina_phone_mic_quiet_20260129043143_000014.wav,0.999997
C:\Users\miker\wake_word_project\data\positive_new_friends\heymagis_cristina_20260129043143\cristina_phone_mic_quiet_20260129043143_000015.wav,0.999840
C:\Users\miker\wake_word_project\data\positive_new_friends\heymagis_cristina_20260129043143\cristina_phone_mic_quiet_20260129043143_000016.wav,0.999994
C:\Users\miker\wake_word_project\data\positive_new_friends\heymagis_cristina_20260129043143\cristina_phone_mic_quiet_20260129043143_000017.wav,0.999960
C:\Users\miker\wake_word_project\data\positive_new_friends\heymagis_cristina_20260129043143\cristina_phone_mic_quiet_20260129043143_000018.wav,0.999919
C:\Users\miker\wake_word_project\data\positive_new_friends\heymagis_cristina_20260129043143\cristina_phone_mic_quiet_20260129043143_000019.wav,0.999971
C:\Users\miker\wake_word_project\data\positive_new_friends\heymagis_cristina_20260129043143\cristina_phone_mic_quiet_20260129043143_000020.wav,0.999974
C:\Users\miker\wake_word_project\data\positive_new_friends\heymagis_judy_ramos_20260129080202\judy_ramos_phone_mic_quiet_20260129080202_000001.wav,0.999997
C:\Users\miker\wake_word_project\data\positive_new_friends\heymagis_judy_ramos_20260129080202\judy_ramos_phone_mic_quiet_20260129080202_000002.wav,0.999999
C:\Users\miker\wake_word_project\data\positive_new_friends\heymagis_judy_ramos_20260129080202\judy_ramos_phone_mic_quiet_20260129080202_000003.wav,1.000000
C:\Users\miker\wake_word_project\data\positive_new_friends\heymagis_judy_ramos_20260129080202\judy_ramos_phone_mic_quiet_20260129080202_000004.wav,1.000000
C:\Users\miker\wake_word_project\data\positive_new_friends\heymagis_judy_ramos_20260129080202\judy_ramos_phone_mic_quiet_20260129080202_000005.wav,0.999996
C:\Users\miker\wake_word_project\data\positive_new_friends\heymagis_judy_ramos_20260129080202\judy_ramos_phone_mic_quiet_20260129080202_000006.wav,0.999998
C:\Users\miker\wake_word_project\data\positive_new_friends\heymagis_judy_ramos_20260129080202\judy_ramos_phone_mic_quiet_20260129080202_000007.wav,0.999998
C:\Users\miker\wake_word_project\data\positive_new_friends\heymagis_judy_ramos_20260129080202\judy_ramos_phone_mic_quiet_20260129080202_000008.wav,0.999997
C:\Users\miker\wake_word_project\data\positive_new_friends\heymagis_judy_ramos_20260129080202\judy_ramos_phone_mic_quiet_20260129080202_000009.wav,0.999985
C:\Users\miker\wake_word_project\data\positive_new_friends\heymagis_judy_ramos_20260129080202\judy_ramos_phone_mic_quiet_20260129080202_000010.wav,0.999989
C:\Users\miker\wake_word_project\data\positive_new_friends\heymagis_judy_ramos_20260129080202\judy_ramos_phone_mic_quiet_20260129080202_000011.wav,0.999999
C:\Users\miker\wake_word_project\data\positive_new_friends\heymagis_judy_ramos_20260129080202\judy_ramos_phone_mic_quiet_20260129080202_000012.wav,0.999999
C:\Users\miker\wake_word_project\data\positive_new_friends\heymagis_judy_ramos_20260129080202\judy_ramos_phone_mic_quiet_20260129080202_000013.wav,1.000000
C:\Users\miker\wake_word_project\data\positive_new_friends\heymagis_judy_ramos_20260129080202\judy_ramos_phone_mic_quiet_20260129080202_000014.wav,0.999998
C:\Users\miker\wake_word_project\data\positive_new_friends\heymagis_judy_ramos_20260129080202\judy_ramos_phone_mic_quiet_20260129080202_000015.wav,0.999997
C:\Users\miker\wake_word_project\data\positive_new_friends\heymagis_judy_ramos_20260129080202\judy_ramos_phone_mic_quiet_20260129080202_000016.wav,0.999990
C:\Users\miker\wake_word_project\data\positive_new_friends\heymagis_judy_ramos_20260129080202\judy_ramos_phone_mic_quiet_20260129080202_000017.wav,1.000000
C:\Users\miker\wake_word_project\data\positive_new_friends\heymagis_judy_ramos_20260129080202\judy_ramos_phone_mic_quiet_20260129080202_000018.wav,1.000000
C:\Users\miker\wake_word_project\data\positive_new_friends\heymagis_judy_ramos_20260129080202\judy_ramos_phone_mic_quiet_20260129080202_000019.wav,1.000000
C:\Users\miker\wake_word_project\data\positive_new_friends\heymagis_judy_ramos_20260129080202\judy_ramos_phone_mic_quiet_20260129080202_000020.wav,0.999996
C:\Users\miker\wake_word_project\data\positive_new_friends\heymagis_judy_ramos_20260129080202\judy_ramos_phone_mic_quiet_20260129080202_000021.wav,0.999998
C:\Users\miker\wake_word_project\data\positive_new_friends\heymagis_judy_ramos_20260129080202\judy_ramos_phone_mic_quiet_20260129080202_000022.wav,1.000000
C:\Users\miker\wake_word_project\data\positive_new_friends\heymagis_judy_ramos_20260129080202\judy_ramos_phone_mic_quiet_20260129080202_000023.wav,0.999998
C:\Users\miker\wake_word_project\data\positive_new_friends\heymagis_judy_ramos_20260129080202\judy_ramos_phone_mic_quiet_20260129080202_000024.wav,1.000000
C:\Users\miker\wake_word_project\data\positive_new_friends\heymagis_judy_ramos_20260129080202\judy_ramos_phone_mic_quiet_20260129080202_000025.wav,0.999998
C:\Users\miker\wake_word_project\data\positive_new_friends\heymagis_judy_ramos_20260129080202\judy_ramos_phone_mic_quiet_20260129080202_000026.wav,0.999996
C:\Users\miker\wake_word_project\data\positive_new_friends\heymagis_judy_ramos_20260129080202\judy_ramos_phone_mic_quiet_20260129080202_000027.wav,0.999997
C:\Users\miker\wake_word_project\data\positive_new_friends\heymagis_judy_ramos_20260129080202\judy_ramos_phone_mic_quiet_20260129080202_000028.wav,0.999999
C:\Users\miker\wake_word_project\data\positive_new_friends\heymagis_judy_ramos_20260129080202\judy_ramos_phone_mic_quiet_20260129080202_000029.wav,0.999999
C:\Users\miker\wake_word_project\data\positive_new_friends\heymagis_judy_ramos_20260129080202\judy_ramos_phone_mic_quiet_20260129080202_000030.wav,0.999998
C:\Users\miker\wake_word_project\data\positive_new_friends\heymagis_judy_ramos_20260129080202\judy_ramos_phone_mic_quiet_20260129080202_000031.wav,0.999999
C:\Users\miker\wake_word_project\data\positive_new_friends\heymagis_judy_ramos_20260129080202\judy_ramos_phone_mic_quiet_20260129080202_000032.wav,0.999997
C:\Users\miker\wake_word_project\data\positive_new_friends\heymagis_judy_ramos_20260129080202\judy_ramos_phone_mic_quiet_20260129080202_000033.wav,0.999988
C:\Users\miker\wake_word_project\data\positive_new_friends\heymagis_judy_ramos_20260129080202\judy_ramos_phone_mic_quiet_20260129080202_000034.wav,0.999996
C:\Users\miker\wake_word_project\data\positive_new_friends\heymagis_judy_ramos_20260129080202\judy_ramos_phone_mic_quiet_20260129080202_000035.wav,0.999999
C:\Users\miker\wake_word_project\data\positive_new_friends\heymagis_judy_ramos_20260129080202\judy_ramos_phone_mic_quiet_20260129080202_000036.wav,0.999997
C:\Users\miker\wake_word_project\data\positive_new_friends\heymagis_judy_ramos_20260129080202\judy_ramos_phone_mic_quiet_20260129080202_000037.wav,0.999998
C:\Users\miker\wake_word_project\data\positive_new_friends\heymagis_judy_ramos_20260129080202\judy_ramos_phone_mic_quiet_20260129080202_000038.wav,0.999996
C:\Users\miker\wake_word_project\data\positive_new_friends\heymagis_judy_ramos_20260129080202\judy_ramos_phone_mic_quiet_20260129080202_000039.wav,0.999998
C:\Users\miker\wake_word_project\data\positive_new_friends\heymagis_judy_ramos_20260129080202\judy_ramos_phone_mic_quiet_20260129080202_000040.wav,0.999999
C:\Users\miker\wake_word_project\data\positive_new_friends\heymagis_judy_ramos_20260129080202\judy_ramos_phone_mic_quiet_20260129080202_000041.wav,0.999996
C:\Users\miker\wake_word_project\data\positive_new_friends\heymagis_judy_ramos_20260129080202\judy_ramos_phone_mic_quiet_20260129080202_000042.wav,0.999999
C:\Users\miker\wake_word_project\data\positive_new_friends\heymagis_judy_ramos_20260129080202\judy_ramos_phone_mic_quiet_20260129080202_000043.wav,0.999999
C:\Users\miker\wake_word_project\data\positive_new_friends\heymagis_judy_ramos_20260129080202\judy_ramos_phone_mic_quiet_20260129080202_000044.wav,0.999999
C:\Users\miker\wake_word_project\data\positive_new_friends\heymagis_judy_ramos_20260129080202\judy_ramos_phone_mic_quiet_20260129080202_000045.wav,0.999999
C:\Users\miker\wake_word_project\data\positive_new_friends\heymagis_judy_ramos_20260129080202\judy_ramos_phone_mic_quiet_20260129080202_000046.wav,0.999999
C:\Users\miker\wake_word_project\data\positive_new_friends\heymagis_judy_ramos_20260129080202\judy_ramos_phone_mic_quiet_20260129080202_000047.wav,0.999999
C:\Users\miker\wake_word_project\data\positive_new_friends\heymagis_judy_ramos_20260129080202\judy_ramos_phone_mic_quiet_20260129080202_000048.wav,1.000000
C:\Users\miker\wake_word_project\data\positive_new_friends\heymagis_judy_ramos_20260129080202\judy_ramos_phone_mic_quiet_20260129080202_000049.wav,1.000000
C:\Users\miker\wake_word_project\data\positive_new_friends\heymagis_judy_ramos_20260129080202\judy_ramos_phone_mic_quiet_20260129080202_000050.wav,1.000000
C:\Users\miker\wake_word_project\data\positive_new_friends\heymagis_judy_ramos_20260129080202\judy_ramos_phone_mic_quiet_20260129080202_000051.wav,0.999996
C:\Users\miker\wake_word_project\data\positive_new_friends\heymagis_kristina_garcia_20260129004158\kristina_garcia_wired_earbuds_mic_moderate_noise_20260129004158_000001.wav,0.999996
C:\Users\miker\wake_word_project\data\positive_new_friends\heymagis_kristina_garcia_20260129004158\kristina_garcia_wired_earbuds_mic_moderate_noise_20260129004158_000002.wav,0.999999
C:\Users\miker\wake_word_project\data\positive_new_friends\heymagis_kristina_garcia_20260129004158\kristina_garcia_wired_earbuds_mic_moderate_noise_20260129004158_000003.wav,0.999998
C:\Users\miker\wake_word_project\data\positive_new_friends\heymagis_kristina_garcia_20260129004158\kristina_garcia_wired_earbuds_mic_moderate_noise_20260129004158_000004.wav,0.999995
C:\Users\miker\wake_word_project\data\positive_new_friends\heymagis_kristina_garcia_20260129004158\kristina_garcia_wired_earbuds_mic_moderate_noise_20260129004158_000005.wav,0.999999
C:\Users\miker\wake_word_project\data\positive_new_friends\heymagis_kristina_garcia_20260129004158\kristina_garcia_wired_earbuds_mic_moderate_noise_20260129004158_000006.wav,0.999999
C:\Users\miker\wake_word_project\data\positive_new_friends\heymagis_kristina_garcia_20260129004158\kristina_garcia_wired_earbuds_mic_moderate_noise_20260129004158_000007.wav,0.999999
C:\Users\miker\wake_word_project\data\positive_new_friends\heymagis_kristina_garcia_20260129004158\kristina_garcia_wired_earbuds_mic_moderate_noise_20260129004158_000008.wav,0.999999
C:\Users\miker\wake_word_project\data\positive_new_friends\heymagis_kristina_garcia_20260129004158\kristina_garcia_wired_earbuds_mic_moderate_noise_20260129004158_000009.wav,0.999997
C:\Users\miker\wake_word_project\data\positive_new_friends\heymagis_kristina_garcia_20260129004158\kristina_garcia_wired_earbuds_mic_moderate_noise_20260129004158_000010.wav,0.999988
C:\Users\miker\wake_word_project\data\positive_new_friends\heymagis_kristina_garcia_20260129004158\kristina_garcia_wired_earbuds_mic_moderate_noise_20260129004158_000011.wav,0.999994
C:\Users\miker\wake_word_project\data\positive_new_friends\heymagis_kristina_garcia_20260129004158\kristina_garcia_wired_earbuds_mic_moderate_noise_20260129004158_000012.wav,0.999958
C:\Users\miker\wake_word_project\data\positive_new_friends\heymagis_kristina_garcia_20260129004158\kristina_garcia_wired_earbuds_mic_moderate_noise_20260129004158_000013.wav,0.999999
C:\Users\miker\wake_word_project\data\positive_new_friends\heymagis_kristina_garcia_20260129004158\kristina_garcia_wired_earbuds_mic_moderate_noise_20260129004158_000014.wav,0.999997
C:\Users\miker\wake_word_project\data\positive_new_friends\heymagis_kristina_garcia_20260129004158\kristina_garcia_wired_earbuds_mic_moderate_noise_20260129004158_000015.wav,0.999989
C:\Users\miker\wake_word_project\data\positive_new_friends\heymagis_kristina_garcia_20260129004158\kristina_garcia_wired_earbuds_mic_moderate_noise_20260129004158_000016.wav,0.999998
C:\Users\miker\wake_word_project\data\positive_new_friends\heymagis_kristina_garcia_20260129004158\kristina_garcia_wired_earbuds_mic_moderate_noise_20260129004158_000017.wav,0.999998
C:\Users\miker\wake_word_project\data\positive_new_friends\heymagis_kristina_garcia_20260129004158\kristina_garcia_wired_earbuds_mic_moderate_noise_20260129004158_000018.wav,0.999997
C:\Users\miker\wake_word_project\data\positive_new_friends\heymagis_kristina_garcia_20260129004158\kristina_garcia_wired_earbuds_mic_moderate_noise_20260129004158_000019.wav,0.999986
C:\Users\miker\wake_word_project\data\positive_new_friends\heymagis_kristina_garcia_20260129004158\kristina_garcia_wired_earbuds_mic_moderate_noise_20260129004158_000020.wav,0.999974
C:\Users\miker\wake_word_project\data\positive_new_friends\heymagis_kristina_garcia_20260129004158\kristina_garcia_wired_earbuds_mic_moderate_noise_20260129004158_000021.wav,0.999976
C:\Users\miker\wake_word_project\data\positive_new_friends\heymagis_kristina_garcia_20260129004158\kristina_garcia_wired_earbuds_mic_moderate_noise_20260129004158_000022.wav,0.999971
C:\Users\miker\wake_word_project\data\positive_new_friends\heymagis_kristina_garcia_20260129004158\kristina_garcia_wired_earbuds_mic_moderate_noise_20260129004158_000023.wav,0.999997
C:\Users\miker\wake_word_project\data\positive_new_friends\heymagis_kristina_garcia_20260129004158\kristina_garcia_wired_earbuds_mic_moderate_noise_20260129004158_000024.wav,0.999998
C:\Users\miker\wake_word_project\data\positive_new_friends\heymagis_kristina_garcia_20260129004158\kristina_garcia_wired_earbuds_mic_moderate_noise_20260129004158_000025.wav,0.999996
C:\Users\miker\wake_word_project\data\positive_new_friends\heymagis_kristina_garcia_20260129004158\kristina_garcia_wired_earbuds_mic_moderate_noise_20260129004158_000026.wav,0.999988
C:\Users\miker\wake_word_project\data\positive_new_friends\heymagis_kristina_garcia_20260129004158\kristina_garcia_wired_earbuds_mic_moderate_noise_20260129004158_000027.wav,0.999994
C:\Users\miker\wake_word_project\data\positive_new_friends\heymagis_kristina_garcia_20260129004158\kristina_garcia_wired_earbuds_mic_moderate_noise_20260129004158_000028.wav,1.000000
C:\Users\miker\wake_word_project\data\positive_new_friends\heymagis_kristina_garcia_20260129004158\kristina_garcia_wired_earbuds_mic_moderate_noise_20260129004158_000029.wav,0.999999
C:\Users\miker\wake_word_project\data\positive_new_friends\heymagis_kristina_garcia_20260129004158\kristina_garcia_wired_earbuds_mic_moderate_noise_20260129004158_000030.wav,0.999996
C:\Users\miker\wake_word_project\data\positive_new_friends\heymagis_kristina_garcia_20260129004158\kristina_garcia_wired_earbuds_mic_moderate_noise_20260129004158_000031.wav,0.999999
C:\Users\miker\wake_word_project\data\positive_new_friends\heymagis_kristina_garcia_20260129004158\kristina_garcia_wired_earbuds_mic_moderate_noise_20260129004158_000032.wav,1.000000
C:\Users\miker\wake_word_project\data\positive_new_friends\heymagis_kristina_garcia_20260129004158\kristina_garcia_wired_earbuds_mic_moderate_noise_20260129004158_000033.wav,0.999999
C:\Users\miker\wake_word_project\data\positive_new_friends\heymagis_kristina_garcia_20260129004158\kristina_garcia_wired_earbuds_mic_moderate_noise_20260129004158_000034.wav,1.000000
C:\Users\miker\wake_word_project\data\positive_new_friends\heymagis_kristina_garcia_20260129004158\kristina_garcia_wired_earbuds_mic_moderate_noise_20260129004158_000035.wav,1.000000
C:\Users\miker\wake_word_project\data\positive_new_friends\heymagis_kristina_garcia_20260129004158\kristina_garcia_wired_earbuds_mic_moderate_noise_20260129004158_000036.wav,0.999997
C:\Users\miker\wake_word_project\data\positive_new_friends\heymagis_kristina_garcia_20260129004158\kristina_garcia_wired_earbuds_mic_moderate_noise_20260129004158_000037.wav,0.999998
C:\Users\miker\wake_word_project\data\positive_new_friends\heymagis_kristina_garcia_20260129004158\kristina_garcia_wired_earbuds_mic_moderate_noise_20260129004158_000038.wav,1.000000
C:\Users\miker\wake_word_project\data\positive_new_friends\heymagis_kristina_garcia_20260129004158\kristina_garcia_wired_earbuds_mic_moderate_noise_20260129004158_000039.wav,0.999995
C:\Users\miker\wake_word_project\data\positive_new_friends\heymagis_kristina_garcia_20260129004158\kristina_garcia_wired_earbuds_mic_moderate_noise_20260129004158_000040.wav,0.999996
C:\Users\miker\wake_word_project\data\positive_new_friends\heymagis_kristina_garcia_20260129004158\kristina_garcia_wired_earbuds_mic_moderate_noise_20260129004158_000042.wav,0.999997
C:\Users\miker\wake_word_project\data\positive_new_friends\heymagis_kristina_garcia_20260129004158\kristina_garcia_wired_earbuds_mic_moderate_noise_20260129004158_000043.wav,0.999999
C:\Users\miker\wake_word_project\data\positive_new_friends\heymagis_kristina_garcia_20260129004158\kristina_garcia_wired_earbuds_mic_moderate_noise_20260129004158_000044.wav,0.999996
C:\Users\miker\wake_word_project\data\positive_new_friends\heymagis_kristina_garcia_20260129004158\kristina_garcia_wired_earbuds_mic_moderate_noise_20260129004158_000045.wav,0.999998
C:\Users\miker\wake_word_project\data\positive_new_friends\heymagis_kristina_garcia_20260129004158\kristina_garcia_wired_earbuds_mic_moderate_noise_20260129004158_000046.wav,0.999990
C:\Users\miker\wake_word_project\data\positive_new_friends\heymagis_kristina_garcia_20260129004158\kristina_garcia_wired_earbuds_mic_moderate_noise_20260129004158_000047.wav,0.999994
C:\Users\miker\wake_word_project\data\positive_new_friends\heymagis_kristina_garcia_20260129004158\kristina_garcia_wired_earbuds_mic_moderate_noise_20260129004158_000048.wav,1.000000
C:\Users\miker\wake_word_project\data\positive_new_friends\heymagis_kristina_garcia_20260129004158\kristina_garcia_wired_earbuds_mic_moderate_noise_20260129004158_000049.wav,0.999998
C:\Users\miker\wake_word_project\data\positive_new_friends\heymagis_kristina_garcia_20260129004158\kristina_garcia_wired_earbuds_mic_moderate_noise_20260129004158_000050.wav,0.999989
C:\Users\miker\wake_word_project\data\positive_new_friends\heymagis_kristina_garcia_20260129004158\kristina_garcia_wired_earbuds_mic_moderate_noise_20260129004158_000051.wav,0.999995
C:\Users\miker\wake_word_project\data\positive_new_friends\heymagis_mat_20260129182845\mat_phone_mic_quiet_20260129182845_000001.wav,0.999984
C:\Users\miker\wake_word_project\data\positive_new_friends\heymagis_mat_20260129182845\mat_phone_mic_quiet_20260129182845_000002.wav,0.999971
C:\Users\miker\wake_word_project\data\positive_new_friends\heymagis_mat_20260129182845\mat_phone_mic_quiet_20260129182845_000003.wav,0.999918
C:\Users\miker\wake_word_project\data\positive_new_friends\heymagis_mat_20260129182845\mat_phone_mic_quiet_20260129182845_000004.wav,0.999859
C:\Users\miker\wake_word_project\data\positive_new_friends\heymagis_mat_20260129182845\mat_phone_mic_quiet_20260129182845_000005.wav,0.999377
C:\Users\miker\wake_word_project\data\positive_new_friends\heymagis_mat_20260129182845\mat_phone_mic_quiet_20260129182845_000006.wav,0.999951
C:\Users\miker\wake_word_project\data\positive_new_friends\heymagis_mat_20260129182845\mat_phone_mic_quiet_20260129182845_000007.wav,0.999949
C:\Users\miker\wake_word_project\data\positive_new_friends\heymagis_mat_20260129182845\mat_phone_mic_quiet_20260129182845_000008.wav,0.999919
C:\Users\miker\wake_word_project\data\positive_new_friends\heymagis_mat_20260129182845\mat_phone_mic_quiet_20260129182845_000009.wav,0.999709
C:\Users\miker\wake_word_project\data\positive_new_friends\heymagis_mat_20260129182845\mat_phone_mic_quiet_20260129182845_000010.wav,0.999694
C:\Users\miker\wake_word_project\data\positive_new_friends\heymagis_mat_20260129182845\mat_phone_mic_quiet_20260129182845_000011.wav,0.999486
C:\Users\miker\wake_word_project\data\positive_new_friends\heymagis_mat_20260129182845\mat_phone_mic_quiet_20260129182845_000012.wav,0.999920
C:\Users\miker\wake_word_project\data\positive_new_friends\heymagis_mat_20260129182845\mat_phone_mic_quiet_20260129182845_000013.wav,0.999888
C:\Users\miker\wake_word_project\data\positive_new_friends\heymagis_mat_20260129182845\mat_phone_mic_quiet_20260129182845_000014.wav,0.999907
C:\Users\miker\wake_word_project\data\positive_new_friends\heymagis_mat_20260129182845\mat_phone_mic_quiet_20260129182845_000015.wav,0.999749
C:\Users\miker\wake_word_project\data\positive_new_friends\heymagis_mat_20260129182845\mat_phone_mic_quiet_20260129182845_000016.wav,0.999955
C:\Users\miker\wake_word_project\data\positive_new_friends\heymagis_mat_20260129182845\mat_phone_mic_quiet_20260129182845_000017.wav,0.999801
C:\Users\miker\wake_word_project\data\positive_new_friends\heymagis_mat_20260129182845\mat_phone_mic_quiet_20260129182845_000018.wav,0.999798
C:\Users\miker\wake_word_project\data\positive_new_friends\heymagis_mat_20260129182845\mat_phone_mic_quiet_20260129182845_000019.wav,0.999927
C:\Users\miker\wake_word_project\data\positive_new_friends\heymagis_mat_20260129182845\mat_phone_mic_quiet_20260129182845_000020.wav,0.999809
C:\Users\miker\wake_word_project\data\positive_new_friends\heymagis_mat_20260129182845\mat_phone_mic_quiet_20260129182845_000021.wav,0.999817
C:\Users\miker\wake_word_project\data\positive_new_friends\heymagis_mat_20260129182845\mat_phone_mic_quiet_20260129182845_000022.wav,0.999890
C:\Users\miker\wake_word_project\data\positive_new_friends\heymagis_mat_20260129182845\mat_phone_mic_quiet_20260129182845_000023.wav,0.999912
C:\Users\miker\wake_word_project\data\positive_new_friends\heymagis_mat_20260129182845\mat_phone_mic_quiet_20260129182845_000024.wav,0.999709
C:\Users\miker\wake_word_project\data\positive_new_friends\heymagis_mat_20260129182845\mat_phone_mic_quiet_20260129182845_000025.wav,0.999753
C:\Users\miker\wake_word_project\data\positive_new_friends\heymagis_mat_20260129182845\mat_phone_mic_quiet_20260129182845_000026.wav,0.999986
C:\Users\miker\wake_word_project\data\positive_new_friends\heymagis_mat_20260129182845\mat_phone_mic_quiet_20260129182845_000027.wav,0.999951
C:\Users\miker\wake_word_project\data\positive_new_friends\heymagis_mat_20260129182845\mat_phone_mic_quiet_20260129182845_000028.wav,0.999843
C:\Users\miker\wake_word_project\data\positive_new_friends\heymagis_mat_20260129182845\mat_phone_mic_quiet_20260129182845_000029.wav,0.999929
C:\Users\miker\wake_word_project\data\positive_new_friends\heymagis_mat_20260129182845\mat_phone_mic_quiet_20260129182845_000030.wav,0.999841
C:\Users\miker\wake_word_project\data\positive_new_friends\heymagis_mat_20260129182845\mat_phone_mic_quiet_20260129182845_000031.wav,0.999988
C:\Users\miker\wake_word_project\data\positive_new_friends\heymagis_mat_20260129182845\mat_phone_mic_quiet_20260129182845_000032.wav,0.999930
C:\Users\miker\wake_word_project\data\positive_new_friends\heymagis_mat_20260129182845\mat_phone_mic_quiet_20260129182845_000033.wav,0.999971
C:\Users\miker\wake_word_project\data\positive_new_friends\heymagis_mat_20260129182845\mat_phone_mic_quiet_20260129182845_000034.wav,0.999989
C:\Users\miker\wake_word_project\data\positive_new_friends\heymagis_mat_20260129182845\mat_phone_mic_quiet_20260129182845_000035.wav,0.999875
C:\Users\miker\wake_word_project\data\positive_new_friends\heymagis_mat_20260129182845\mat_phone_mic_quiet_20260129182845_000036.wav,0.999853
C:\Users\miker\wake_word_project\data\positive_new_friends\heymagis_mat_20260129182845\mat_phone_mic_quiet_20260129182845_000037.wav,0.999774
C:\Users\miker\wake_word_project\data\positive_new_friends\heymagis_mat_20260129182845\mat_phone_mic_quiet_20260129182845_000038.wav,0.999900
C:\Users\miker\wake_word_project\data\positive_new_friends\heymagis_mat_20260129182845\mat_phone_mic_quiet_20260129182845_000039.wav,0.999955
C:\Users\miker\wake_word_project\data\positive_new_friends\heymagis_mat_20260129182845\mat_phone_mic_quiet_20260129182845_000040.wav,0.999815
C:\Users\miker\wake_word_project\data\positive_new_friends\heymagis_mat_20260129182845\mat_phone_mic_quiet_20260129182845_000041.wav,0.999790
C:\Users\miker\wake_word_project\data\positive_new_friends\heymagis_mat_20260129182845\mat_phone_mic_quiet_20260129182845_000042.wav,0.999960
C:\Users\miker\wake_word_project\data\positive_new_friends\heymagis_mat_20260129182845\mat_phone_mic_quiet_20260129182845_000043.wav,0.999918
C:\Users\miker\wake_word_project\data\positive_new_friends\heymagis_mat_20260129182845\mat_phone_mic_quiet_20260129182845_000044.wav,0.999257
C:\Users\miker\wake_word_project\data\positive_new_friends\heymagis_mat_20260129182845\mat_phone_mic_quiet_20260129182845_000045.wav,0.999963
C:\Users\miker\wake_word_project\data\positive_new_friends\heymagis_mat_20260129182845\mat_phone_mic_quiet_20260129182845_000046.wav,0.999931
C:\Users\miker\wake_word_project\data\positive_new_friends\heymagis_mat_20260129182845\mat_phone_mic_quiet_20260129182845_000047.wav,0.999876
C:\Users\miker\wake_word_project\data\positive_new_friends\heymagis_mat_20260129182845\mat_phone_mic_quiet_20260129182845_000048.wav,0.999742
C:\Users\miker\wake_word_project\data\positive_new_friends\heymagis_mat_20260129182845\mat_phone_mic_quiet_20260129182845_000049.wav,0.999924
C:\Users\miker\wake_word_project\data\positive_new_friends\heymagis_mat_20260129182845\mat_phone_mic_quiet_20260129182845_000050.wav,0.999560
C:\Users\miker\wake_word_project\data\positive_new_friends\heymagis_michael_g_20260129184833\michael_g_phone_mic_quiet_20260129184833_000001.wav,0.999962
C:\Users\miker\wake_word_project\data\positive_new_friends\heymagis_michael_g_20260129184833\michael_g_phone_mic_quiet_20260129184833_000002.wav,0.999974
C:\Users\miker\wake_word_project\data\positive_new_friends\heymagis_michael_g_20260129184833\michael_g_phone_mic_quiet_20260129184833_000003.wav,0.999431
C:\Users\miker\wake_word_project\data\positive_new_friends\heymagis_michael_g_20260129184833\michael_g_phone_mic_quiet_20260129184833_000004.wav,0.999968
C:\Users\miker\wake_word_project\data\positive_new_friends\heymagis_michael_g_20260129184833\michael_g_phone_mic_quiet_20260129184833_000005.wav,0.999976
C:\Users\miker\wake_word_project\data\positive_new_friends\heymagis_michael_g_20260129184833\michael_g_phone_mic_quiet_20260129184833_000006.wav,0.999927
C:\Users\miker\wake_word_project\data\positive_new_friends\heymagis_michael_g_20260129184833\michael_g_phone_mic_quiet_20260129184833_000007.wav,0.990983
C:\Users\miker\wake_word_project\data\positive_new_friends\heymagis_michael_g_20260129184833\michael_g_phone_mic_quiet_20260129184833_000008.wav,0.999937
C:\Users\miker\wake_word_project\data\positive_new_friends\heymagis_michael_g_20260129184833\michael_g_phone_mic_quiet_20260129184833_000009.wav,0.938798
C:\Users\miker\wake_word_project\data\positive_new_friends\heymagis_michael_g_20260129184833\michael_g_phone_mic_quiet_20260129184833_000010.wav,0.999915
C:\Users\miker\wake_word_project\data\positive_new_friends\heymagis_michael_g_20260129184833\michael_g_phone_mic_quiet_20260129184833_000011.wav,0.999988
C:\Users\miker\wake_word_project\data\positive_new_friends\heymagis_michael_g_20260129184833\michael_g_phone_mic_quiet_20260129184833_000012.wav,0.999931
C:\Users\miker\wake_word_project\data\positive_new_friends\heymagis_michael_g_20260129184833\michael_g_phone_mic_quiet_20260129184833_000013.wav,0.999731
C:\Users\miker\wake_word_project\data\positive_new_friends\heymagis_michael_g_20260129184833\michael_g_phone_mic_quiet_20260129184833_000014.wav,0.999929
C:\Users\miker\wake_word_project\data\positive_new_friends\heymagis_michael_g_20260129184833\michael_g_phone_mic_quiet_20260129184833_000015.wav,0.999985
C:\Users\miker\wake_word_project\data\positive_new_friends\heymagis_michael_g_20260129184833\michael_g_phone_mic_quiet_20260129184833_000016.wav,0.987837
C:\Users\miker\wake_word_project\data\positive_new_friends\heymagis_michael_g_20260129184833\michael_g_phone_mic_quiet_20260129184833_000017.wav,0.999875
C:\Users\miker\wake_word_project\data\positive_new_friends\heymagis_michael_g_20260129184833\michael_g_phone_mic_quiet_20260129184833_000018.wav,0.999758
C:\Users\miker\wake_word_project\data\positive_new_friends\heymagis_michael_g_20260129184833\michael_g_phone_mic_quiet_20260129184833_000019.wav,0.998545
C:\Users\miker\wake_word_project\data\positive_new_friends\heymagis_michael_g_20260129184833\michael_g_phone_mic_quiet_20260129184833_000020.wav,0.999961
C:\Users\miker\wake_word_project\data\positive_new_friends\heymagis_michael_g_20260129184833\michael_g_phone_mic_quiet_20260129184833_000021.wav,0.979842
C:\Users\miker\wake_word_project\data\positive_new_friends\heymagis_michael_g_20260129184833\michael_g_phone_mic_quiet_20260129184833_000022.wav,0.999720
C:\Users\miker\wake_word_project\data\positive_new_friends\heymagis_michael_g_20260129184833\michael_g_phone_mic_quiet_20260129184833_000023.wav,0.999846
C:\Users\miker\wake_word_project\data\positive_new_friends\heymagis_michael_g_20260129184833\michael_g_phone_mic_quiet_20260129184833_000024.wav,0.999953
C:\Users\miker\wake_word_project\data\positive_new_friends\heymagis_michael_g_20260129184833\michael_g_phone_mic_quiet_20260129184833_000025.wav,0.969766
C:\Users\miker\wake_word_project\data\positive_new_friends\heymagis_michael_g_20260129184833\michael_g_phone_mic_quiet_20260129184833_000026.wav,0.999448
C:\Users\miker\wake_word_project\data\positive_new_friends\heymagis_michael_g_20260129184833\michael_g_phone_mic_quiet_20260129184833_000027.wav,0.999992
C:\Users\miker\wake_word_project\data\positive_new_friends\heymagis_michael_g_20260129184833\michael_g_phone_mic_quiet_20260129184833_000028.wav,0.999876
C:\Users\miker\wake_word_project\data\positive_new_friends\heymagis_michael_g_20260129184833\michael_g_phone_mic_quiet_20260129184833_000029.wav,0.999957
C:\Users\miker\wake_word_project\data\positive_new_friends\heymagis_michael_g_20260129184833\michael_g_phone_mic_quiet_20260129184833_000030.wav,0.999996
C:\Users\miker\wake_word_project\data\positive_new_friends\heymagis_michael_g_20260129184833\michael_g_phone_mic_quiet_20260129184833_000031.wav,0.999699
C:\Users\miker\wake_word_project\data\positive_new_friends\heymagis_michael_g_20260129184833\michael_g_phone_mic_quiet_20260129184833_000032.wav,0.999966
C:\Users\miker\wake_word_project\data\positive_new_friends\heymagis_michael_g_20260129184833\michael_g_phone_mic_quiet_20260129184833_000033.wav,0.999963
C:\Users\miker\wake_word_project\data\positive_new_friends\heymagis_michael_g_20260129184833\michael_g_phone_mic_quiet_20260129184833_000034.wav,0.999858
C:\Users\miker\wake_word_project\data\positive_new_friends\heymagis_michael_g_20260129184833\michael_g_phone_mic_quiet_20260129184833_000035.wav,0.999993
C:\Users\miker\wake_word_project\data\positive_new_friends\heymagis_michael_g_20260129184833\michael_g_phone_mic_quiet_20260129184833_000036.wav,0.999994
C:\Users\miker\wake_word_project\data\positive_new_friends\heymagis_michael_g_20260129184833\michael_g_phone_mic_quiet_20260129184833_000037.wav,0.999753
C:\Users\miker\wake_word_project\data\positive_new_friends\heymagis_michael_g_20260129184833\michael_g_phone_mic_quiet_20260129184833_000038.wav,0.999925
C:\Users\miker\wake_word_project\data\positive_new_friends\heymagis_michael_g_20260129184833\michael_g_phone_mic_quiet_20260129184833_000039.wav,0.976104
C:\Users\miker\wake_word_project\data\positive_new_friends\heymagis_michael_g_20260129184833\michael_g_phone_mic_quiet_20260129184833_000040.wav,0.999599
C:\Users\miker\wake_word_project\data\positive_new_friends\heymagis_michael_g_20260129184833\michael_g_phone_mic_quiet_20260129184833_000041.wav,0.999942
C:\Users\miker\wake_word_project\data\positive_new_friends\heymagis_michael_g_20260129184833\michael_g_phone_mic_quiet_20260129184833_000042.wav,0.991842
C:\Users\miker\wake_word_project\data\positive_new_friends\heymagis_michael_g_20260129184833\michael_g_phone_mic_quiet_20260129184833_000043.wav,0.999995
C:\Users\miker\wake_word_project\data\positive_new_friends\heymagis_michael_g_20260129184833\michael_g_phone_mic_quiet_20260129184833_000044.wav,0.999748
C:\Users\miker\wake_word_project\data\positive_new_friends\heymagis_michael_g_20260129184833\michael_g_phone_mic_quiet_20260129184833_000045.wav,0.999988
C:\Users\miker\wake_word_project\data\positive_new_friends\heymagis_michael_g_20260129184833\michael_g_phone_mic_quiet_20260129184833_000046.wav,0.999853
C:\Users\miker\wake_word_project\data\positive_new_friends\heymagis_michael_g_20260129184833\michael_g_phone_mic_quiet_20260129184833_000047.wav,0.954770
C:\Users\miker\wake_word_project\data\positive_new_friends\heymagis_michael_g_20260129184833\michael_g_phone_mic_quiet_20260129184833_000048.wav,0.999017
C:\Users\miker\wake_word_project\data\positive_new_friends\heymagis_michael_g_20260129184833\michael_g_phone_mic_quiet_20260129184833_000049.wav,0.999995
C:\Users\miker\wake_word_project\data\positive_new_friends\heymagis_michael_g_20260129184833\michael_g_phone_mic_quiet_20260129184833_000050.wav,0.999926
C:\Users\miker\wake_word_project\data\positive_new_friends\heymagis_michael_g_20260129184833\michael_g_phone_mic_quiet_20260129184833_000051.wav,0.999981
C:\Users\miker\wake_word_project\data\positive_new_friends\heymagis_michael_g_20260129184833\michael_g_phone_mic_quiet_20260129184833_000052.wav,0.999964
C:\Users\miker\wake_word_project\data\positive_new_friends\heymagis_michael_g_20260129184833\michael_g_phone_mic_quiet_20260129184833_000053.wav,0.998631
C:\Users\miker\wake_word_project\data\positive_new_friends\heymagis_michael_g_20260129184833\michael_g_phone_mic_quiet_20260129184833_000054.wav,0.972087
C:\Users\miker\wake_word_project\data\positive_new_friends\heymagis_michael_g_20260129184833\michael_g_phone_mic_quiet_20260129184833_000055.wav,0.999971
C:\Users\miker\wake_word_project\data\positive_new_friends\heymagis_michael_g_20260129184833\michael_g_phone_mic_quiet_20260129184833_000056.wav,0.999948
C:\Users\miker\wake_word_project\data\positive_new_friends\heymagis_michael_g_20260129184833\michael_g_phone_mic_quiet_20260129184833_000057.wav,0.999938
C:\Users\miker\wake_word_project\data\positive_new_friends\heymagis_michael_g_20260129184833\michael_g_phone_mic_quiet_20260129184833_000058.wav,0.999949
C:\Users\miker\wake_word_project\data\positive_new_friends\heymagis_michael_g_20260129184833\michael_g_phone_mic_quiet_20260129184833_000059.wav,0.999984
C:\Users\miker\wake_word_project\data\positive_new_friends\heymagis_michael_g_20260129184833\michael_g_phone_mic_quiet_20260129184833_000060.wav,0.999992
C:\Users\miker\wake_word_project\data\positive_new_friends\heymagis_michael_g_20260129184833\michael_g_phone_mic_quiet_20260129184833_000061.wav,0.999874
C:\Users\miker\wake_word_project\data\positive_new_friends\heymagis_michael_g_20260129184833\michael_g_phone_mic_quiet_20260129184833_000062.wav,0.999895
C:\Users\miker\wake_word_project\data\positive_new_friends\heymagis_michael_g_20260129184833\michael_g_phone_mic_quiet_20260129184833_000063.wav,0.999903
C:\Users\miker\wake_word_project\data\positive_new_friends\heymagis_michael_g_20260129184833\michael_g_phone_mic_quiet_20260129184833_000064.wav,0.999991
C:\Users\miker\wake_word_project\data\positive_new_friends\heymagis_michael_g_20260129184833\michael_g_phone_mic_quiet_20260129184833_000065.wav,0.999979
C:\Users\miker\wake_word_project\data\positive_new_friends\heymagis_michael_g_20260129184833\michael_g_phone_mic_quiet_20260129184833_000066.wav,0.999993
C:\Users\miker\wake_word_project\data\positive_new_friends\heymagis_michael_g_20260129184833\michael_g_phone_mic_quiet_20260129184833_000067.wav,0.999996
C:\Users\miker\wake_word_project\data\positive_new_friends\heymagis_michael_g_20260129184833\michael_g_phone_mic_quiet_20260129184833_000068.wav,0.999992
C:\Users\miker\wake_word_project\data\positive_new_friends\heymagis_michael_g_20260129184833\michael_g_phone_mic_quiet_20260129184833_000069.wav,0.999983
C:\Users\miker\wake_word_project\data\positive_new_friends\heymagis_michael_g_20260129184833\michael_g_phone_mic_quiet_20260129184833_000070.wav,0.999959
C:\Users\miker\wake_word_project\data\positive_new_friends\heymagis_michael_g_20260129184833\michael_g_phone_mic_quiet_20260129184833_000071.wav,0.999986
C:\Users\miker\wake_word_project\data\positive_new_friends\heymagis_michael_g_20260129184833\michael_g_phone_mic_quiet_20260129184833_000072.wav,0.995674
C:\Users\miker\wake_word_project\data\positive_new_friends\heymagis_michael_g_20260129184833\michael_g_phone_mic_quiet_20260129184833_000073.wav,0.907691
C:\Users\miker\wake_word_project\data\positive_new_friends\heymagis_michael_g_20260129184833\michael_g_phone_mic_quiet_20260129184833_000074.wav,0.999496
C:\Users\miker\wake_word_project\data\positive_new_friends\heymagis_michael_g_20260129184833\michael_g_phone_mic_quiet_20260129184833_000075.wav,0.997913
C:\Users\miker\wake_word_project\data\positive_new_friends\heymagis_michael_g_20260129184833\michael_g_phone_mic_quiet_20260129184833_000076.wav,0.999761
C:\Users\miker\wake_word_project\data\positive_new_friends\heymagis_michael_g_20260129184833\michael_g_phone_mic_quiet_20260129184833_000077.wav,0.999947
C:\Users\miker\wake_word_project\data\positive_new_friends\heymagis_michael_g_20260129184833\michael_g_phone_mic_quiet_20260129184833_000078.wav,0.999958
C:\Users\miker\wake_word_project\data\positive_new_friends\heymagis_michael_g_20260129184833\michael_g_phone_mic_quiet_20260129184833_000079.wav,0.999944
C:\Users\miker\wake_word_project\data\positive_new_friends\heymagis_michael_g_20260129184833\michael_g_phone_mic_quiet_20260129184833_000080.wav,0.999980
C:\Users\miker\wake_word_project\data\positive_new_friends\heymagis_michael_g_20260129184833\michael_g_phone_mic_quiet_20260129184833_000081.wav,0.999889
C:\Users\miker\wake_word_project\data\positive_new_friends\heymagis_michael_g_20260129184833\michael_g_phone_mic_quiet_20260129184833_000082.wav,0.994057
C:\Users\miker\wake_word_project\data\positive_new_friends\heymagis_michael_g_20260129184833\michael_g_phone_mic_quiet_20260129184833_000083.wav,0.999992
C:\Users\miker\wake_word_project\data\positive_new_friends\heymagis_michael_g_20260129184833\michael_g_phone_mic_quiet_20260129184833_000084.wav,0.997927
C:\Users\miker\wake_word_project\data\positive_new_friends\heymagis_michael_g_20260129184833\michael_g_phone_mic_quiet_20260129184833_000085.wav,0.999927
C:\Users\miker\wake_word_project\data\positive_new_friends\heymagis_michael_g_20260129184833\michael_g_phone_mic_quiet_20260129184833_000086.wav,0.999978
C:\Users\miker\wake_word_project\data\positive_new_friends\heymagis_michael_g_20260129184833\michael_g_phone_mic_quiet_20260129184833_000087.wav,0.999980
C:\Users\miker\wake_word_project\data\positive_new_friends\heymagis_michael_g_20260129184833\michael_g_phone_mic_quiet_20260129184833_000088.wav,0.999812
C:\Users\miker\wake_word_project\data\positive_new_friends\heymagis_michael_g_20260129184833\michael_g_phone_mic_quiet_20260129184833_000089.wav,0.999645
C:\Users\miker\wake_word_project\data\positive_new_friends\heymagis_michael_g_20260129184833\michael_g_phone_mic_quiet_20260129184833_000090.wav,0.999829
C:\Users\miker\wake_word_project\data\positive_new_friends\heymagis_michael_g_20260129184833\michael_g_phone_mic_quiet_20260129184833_000091.wav,0.999941
C:\Users\miker\wake_word_project\data\positive_new_friends\heymagis_michael_g_20260129184833\michael_g_phone_mic_quiet_20260129184833_000092.wav,0.999649
C:\Users\miker\wake_word_project\data\positive_new_friends\heymagis_michael_g_20260129184833\michael_g_phone_mic_quiet_20260129184833_000093.wav,0.999924
C:\Users\miker\wake_word_project\data\positive_new_friends\heymagis_michael_g_20260129184833\michael_g_phone_mic_quiet_20260129184833_000094.wav,0.999921
C:\Users\miker\wake_word_project\data\positive_new_friends\heymagis_michael_g_20260129184833\michael_g_phone_mic_quiet_20260129184833_000095.wav,0.999956
C:\Users\miker\wake_word_project\data\positive_new_friends\heymagis_michael_g_20260129184833\michael_g_phone_mic_quiet_20260129184833_000096.wav,0.999954
C:\Users\miker\wake_word_project\data\positive_new_friends\heymagis_michael_g_20260129184833\michael_g_phone_mic_quiet_20260129184833_000097.wav,0.994663
C:\Users\miker\wake_word_project\data\positive_new_friends\heymagis_michael_g_20260129184833\michael_g_phone_mic_quiet_20260129184833_000098.wav,0.999950
C:\Users\miker\wake_word_project\data\positive_new_friends\heymagis_michael_g_20260129184833\michael_g_phone_mic_quiet_20260129184833_000099.wav,0.999923
C:\Users\miker\wake_word_project\data\positive_new_friends\heymagis_michael_g_20260129184833\michael_g_phone_mic_quiet_20260129184833_000100.wav,0.999972
C:\Users\miker\wake_word_project\data\positive_new_friends\heymagis_wg__20260129030338\wg__phone_mic_quiet_20260129030338_000001.wav,0.999993
C:\Users\miker\wake_word_project\data\positive_new_friends\heymagis_wg__20260129030338\wg__phone_mic_quiet_20260129030338_000002.wav,0.999964
C:\Users\miker\wake_word_project\data\positive_new_friends\heymagis_wg__20260129030338\wg__phone_mic_quiet_20260129030338_000003.wav,0.999929
C:\Users\miker\wake_word_project\data\positive_new_friends\heymagis_wg__20260129030338\wg__phone_mic_quiet_20260129030338_000004.wav,0.999957
C:\Users\miker\wake_word_project\data\positive_new_friends\heymagis_wg__20260129030338\wg__phone_mic_quiet_20260129030338_000005.wav,0.999987
C:\Users\miker\wake_word_project\data\positive_new_friends\heymagis_wg__20260129030338\wg__phone_mic_quiet_20260129030338_000006.wav,0.999900
C:\Users\miker\wake_word_project\data\positive_new_friends\heymagis_wg__20260129030338\wg__phone_mic_quiet_20260129030338_000007.wav,0.999990
C:\Users\miker\wake_word_project\data\positive_new_friends\heymagis_wg__20260129030338\wg__phone_mic_quiet_20260129030338_000008.wav,0.999989
C:\Users\miker\wake_word_project\data\positive_new_friends\heymagis_wg__20260129030338\wg__phone_mic_quiet_20260129030338_000009.wav,0.999898
C:\Users\miker\wake_word_project\data\positive_new_friends\heymagis_wg__20260129030338\wg__phone_mic_quiet_20260129030338_000010.wav,0.999961
C:\Users\miker\wake_word_project\data\positive_new_friends\heymagis_wg__20260129030338\wg__phone_mic_quiet_20260129030338_000011.wav,0.999985
C:\Users\miker\wake_word_project\data\positive_new_friends\heymagis_wg__20260129030338\wg__phone_mic_quiet_20260129030338_000012.wav,0.999995
C:\Users\miker\wake_word_project\data\positive_new_friends\heymagis_wg__20260129030338\wg__phone_mic_quiet_20260129030338_000013.wav,0.999998
C:\Users\miker\wake_word_project\data\positive_new_friends\heymagis_wg__20260129030338\wg__phone_mic_quiet_20260129030338_000014.wav,0.999984
C:\Users\miker\wake_word_project\data\positive_new_friends\heymagis_wg__20260129030338\wg__phone_mic_quiet_20260129030338_000015.wav,0.999981
C:\Users\miker\wake_word_project\data\positive_new_friends\heymagis_wg__20260129030338\wg__phone_mic_quiet_20260129030338_000016.wav,0.999972
C:\Users\miker\wake_word_project\data\positive_new_friends\heymagis_wg__20260129030338\wg__phone_mic_quiet_20260129030338_000017.wav,0.999984
C:\Users\miker\wake_word_project\data\positive_new_friends\heymagis_wg__20260129030338\wg__phone_mic_quiet_20260129030338_000018.wav,0.999783
C:\Users\miker\wake_word_project\data\positive_new_friends\heymagis_wg__20260129030338\wg__phone_mic_quiet_20260129030338_000019.wav,0.999978
C:\Users\miker\wake_word_project\data\positive_new_friends\heymagis_wg__20260129030338\wg__phone_mic_quiet_20260129030338_000020.wav,0.999996
C:\Users\miker\wake_word_project\data\positive_new_friends\heymagis_wg__20260129030338\wg__phone_mic_quiet_20260129030338_000021.wav,0.999990
C:\Users\miker\wake_word_project\data\positive_new_friends\heymagis_wg__20260129030338\wg__phone_mic_quiet_20260129030338_000022.wav,0.999986
C:\Users\miker\wake_word_project\data\positive_new_friends\heymagis_wg__20260129030338\wg__phone_mic_quiet_20260129030338_000023.wav,0.999995
C:\Users\miker\wake_word_project\data\positive_new_friends\heymagis_wg__20260129030338\wg__phone_mic_quiet_20260129030338_000024.wav,0.999991
C:\Users\miker\wake_word_project\data\positive_new_friends\heymagis_wg__20260129030338\wg__phone_mic_quiet_20260129030338_000025.wav,0.999996
C:\Users\miker\wake_word_project\data\positive_new_friends\heymagis_wg__20260129030338\wg__phone_mic_quiet_20260129030338_000026.wav,0.999981
C:\Users\miker\wake_word_project\data\positive_new_friends\heymagis_wg__20260129030338\wg__phone_mic_quiet_20260129030338_000027.wav,0.999958
C:\Users\miker\wake_word_project\data\positive_new_friends\heymagis_wg__20260129030338\wg__phone_mic_quiet_20260129030338_000028.wav,0.999992
C:\Users\miker\wake_word_project\data\positive_new_friends\heymagis_wg__20260129030338\wg__phone_mic_quiet_20260129030338_000029.wav,0.999998
C:\Users\miker\wake_word_project\data\positive_new_friends\heymagis_wg__20260129030338\wg__phone_mic_quiet_20260129030338_000030.wav,0.999967
C:\Users\miker\wake_word_project\data\positive_new_friends\heymagis_wg__20260129030338\wg__phone_mic_quiet_20260129030338_000031.wav,0.999905
C:\Users\miker\wake_word_project\data\positive_new_friends\heymagis_wg__20260129030338\wg__phone_mic_quiet_20260129030338_000032.wav,0.999990
C:\Users\miker\wake_word_project\data\positive_new_friends\heymagis_wg__20260129030338\wg__phone_mic_quiet_20260129030338_000033.wav,0.999956
C:\Users\miker\wake_word_project\data\positive_new_friends\heymagis_wg__20260129030338\wg__phone_mic_quiet_20260129030338_000034.wav,0.999981
C:\Users\miker\wake_word_project\data\positive_new_friends\heymagis_wg__20260129030338\wg__phone_mic_quiet_20260129030338_000035.wav,0.999994
C:\Users\miker\wake_word_project\data\positive_new_friends\heymagis_wg__20260129030338\wg__phone_mic_quiet_20260129030338_000036.wav,0.999993
C:\Users\miker\wake_word_project\data\positive_new_friends\heymagis_wg__20260129030338\wg__phone_mic_quiet_20260129030338_000037.wav,0.999981
C:\Users\miker\wake_word_project\data\positive_new_friends\heymagis_wg__20260129030338\wg__phone_mic_quiet_20260129030338_000038.wav,0.999985
C:\Users\miker\wake_word_project\data\positive_new_friends\heymagis_wg__20260129030338\wg__phone_mic_quiet_20260129030338_000039.wav,0.999962
C:\Users\miker\wake_word_project\data\positive_new_friends\heymagis_wg__20260129030338\wg__phone_mic_quiet_20260129030338_000040.wav,0.999975
C:\Users\miker\wake_word_project\data\positive_new_friends\heymagis_wg__20260129030338\wg__phone_mic_quiet_20260129030338_000041.wav,0.999986
C:\Users\miker\wake_word_project\data\positive_new_friends\heymagis_wg__20260129030338\wg__phone_mic_quiet_20260129030338_000042.wav,0.999980
C:\Users\miker\wake_word_project\data\positive_new_friends\heymagis_wg__20260129030338\wg__phone_mic_quiet_20260129030338_000043.wav,0.999949
C:\Users\miker\wake_word_project\data\positive_new_friends\heymagis_wg__20260129030338\wg__phone_mic_quiet_20260129030338_000044.wav,0.999984
C:\Users\miker\wake_word_project\data\positive_new_friends\heymagis_wg__20260129030338\wg__phone_mic_quiet_20260129030338_000045.wav,0.999992
C:\Users\miker\wake_word_project\data\positive_new_friends\heymagis_wg__20260129030338\wg__phone_mic_quiet_20260129030338_000046.wav,0.999983
C:\Users\miker\wake_word_project\data\positive_new_friends\heymagis_wg__20260129030338\wg__phone_mic_quiet_20260129030338_000047.wav,0.999990
C:\Users\miker\wake_word_project\data\positive_new_friends\heymagis_wg__20260129030338\wg__phone_mic_quiet_20260129030338_000048.wav,0.999974
C:\Users\miker\wake_word_project\data\positive_new_friends\heymagis_wg__20260129030338\wg__phone_mic_quiet_20260129030338_000049.wav,0.999977
C:\Users\miker\wake_word_project\data\positive_new_friends\heymagis_wg__20260129030338\wg__phone_mic_quiet_20260129030338_000050.wav,0.999964
